[
  {
    "id": "0fdd12ad-a382-41de-80e2-14979f13f197",
    "data": [
      {
        "text": "what rooms do you have that I can chat in",
        "userDefined": false
      }
    ],
    "isTemplate": false,
    "count": 0,
    "lang": "en",
    "updated": 0
  },
  {
    "id": "30cf3b3d-77d6-487a-adda-3684df887e86",
    "data": [
      {
        "text": "what are the chatrooms",
        "userDefined": false
      }
    ],
    "isTemplate": false,
    "count": 0,
    "lang": "en",
    "updated": 0
  },
  {
    "id": "d2ff6a18-cbce-4ddb-87d3-cac14f170f23",
    "data": [
      {
        "text": "chatrooms",
        "userDefined": false
      }
    ],
    "isTemplate": false,
    "count": 0,
    "lang": "en",
    "updated": 0
  },
  {
    "id": "7d85db07-d2f6-4024-9b00-28d59c9c8812",
    "data": [
      {
        "text": "What chatrooms are there?",
        "userDefined": false
      }
    ],
    "isTemplate": false,
    "count": 0,
    "lang": "en",
    "updated": 0
  }
]