[
  {
    "id": "a9266714-825c-41d7-9cbd-cd18e3275ef2",
    "data": [
      {
        "text": "I want to create a new post",
        "userDefined": false
      }
    ],
    "isTemplate": false,
    "count": 0,
    "lang": "en",
    "updated": 0
  },
  {
    "id": "0374b9af-6a2c-4d63-b10a-5c63f8142e9d",
    "data": [
      {
        "text": "create new post",
        "userDefined": false
      }
    ],
    "isTemplate": false,
    "count": 0,
    "lang": "en",
    "updated": 0
  },
  {
    "id": "ce6a10cf-f69f-4ead-9266-d2120532a069",
    "data": [
      {
        "text": "new post",
        "userDefined": false
      }
    ],
    "isTemplate": false,
    "count": 0,
    "lang": "en",
    "updated": 0
  },
  {
    "id": "5a9e5e3e-8258-43ba-9e23-1a2cc5a33cf5",
    "data": [
      {
        "text": "make new post",
        "userDefined": false
      }
    ],
    "isTemplate": false,
    "count": 0,
    "lang": "en",
    "updated": 0
  },
  {
    "id": "dbb4440b-1892-4182-8f00-ee20567ee5e5",
    "data": [
      {
        "text": "make post",
        "userDefined": false
      }
    ],
    "isTemplate": false,
    "count": 0,
    "lang": "en",
    "updated": 0
  },
  {
    "id": "6803d0ae-aae8-4d42-b439-57b6d58fe3df",
    "data": [
      {
        "text": "create a post",
        "userDefined": false
      }
    ],
    "isTemplate": false,
    "count": 0,
    "lang": "en",
    "updated": 0
  }
]