[
  {
    "id": "4d7f38ae-75b3-4962-b720-e282ef2873f1",
    "data": [
      {
        "text": "2",
        "meta": "@sys.number",
        "alias": "number",
        "userDefined": false
      },
      {
        "text": " latest posts in ",
        "userDefined": false
      },
      {
        "text": "Bascom",
        "meta": "@Chatroom",
        "alias": "chatroom",
        "userDefined": false
      }
    ],
    "isTemplate": false,
    "count": 0,
    "lang": "en",
    "updated": 0
  },
  {
    "id": "4f5b9784-325a-494d-b475-3f25a63da6cc",
    "data": [
      {
        "text": "posts in ",
        "userDefined": false
      },
      {
        "text": "vilas",
        "meta": "@Chatroom",
        "alias": "chatroom",
        "userDefined": true
      }
    ],
    "isTemplate": false,
    "count": 0,
    "lang": "en",
    "updated": 0
  },
  {
    "id": "a0206a51-b4bd-453d-bb56-6befa75ab7cf",
    "data": [
      {
        "text": "posts from ",
        "userDefined": false
      },
      {
        "text": "brogden",
        "meta": "@Chatroom",
        "alias": "chatroom",
        "userDefined": false
      }
    ],
    "isTemplate": false,
    "count": 0,
    "lang": "en",
    "updated": 0
  },
  {
    "id": "f66fa30d-b5eb-4cc8-b4bd-07fb69f4ac96",
    "data": [
      {
        "text": "get ",
        "userDefined": false
      },
      {
        "text": "3",
        "meta": "@sys.number",
        "alias": "number",
        "userDefined": true
      },
      {
        "text": " latest posts in ",
        "userDefined": false
      },
      {
        "text": "Brogden",
        "meta": "@Chatroom",
        "alias": "chatroom",
        "userDefined": true
      }
    ],
    "isTemplate": false,
    "count": 0,
    "lang": "en",
    "updated": 0
  },
  {
    "id": "cc2f52f0-e314-4896-96ee-48447e350a7c",
    "data": [
      {
        "text": "get posts in ",
        "userDefined": false
      },
      {
        "text": "van vleck",
        "meta": "@Chatroom",
        "alias": "chatroom",
        "userDefined": false
      }
    ],
    "isTemplate": false,
    "count": 0,
    "lang": "en",
    "updated": 0
  },
  {
    "id": "e69823f5-1415-4096-8f5f-d8e99cdbffd6",
    "data": [
      {
        "text": "10",
        "meta": "@sys.number",
        "alias": "number",
        "userDefined": false
      },
      {
        "text": " posts from ",
        "userDefined": false
      },
      {
        "text": "Grainger",
        "meta": "@Chatroom",
        "alias": "chatroom",
        "userDefined": false
      }
    ],
    "isTemplate": false,
    "count": 0,
    "lang": "en",
    "updated": 0
  },
  {
    "id": "c783a01c-84bd-4fe4-9d62-3e7c03833d47",
    "data": [
      {
        "text": "get the ",
        "userDefined": false
      },
      {
        "text": "5",
        "meta": "@sys.number",
        "alias": "number",
        "userDefined": false
      },
      {
        "text": " most recent posts from ",
        "userDefined": false
      },
      {
        "text": "Vilas",
        "meta": "@Chatroom",
        "alias": "chatroom",
        "userDefined": false
      }
    ],
    "isTemplate": false,
    "count": 1,
    "lang": "en",
    "updated": 0
  }
]