[
  {
    "id": "84b776bc-7b1b-438a-9d6b-6849b147d939",
    "data": [
      {
        "text": "how many posts in ",
        "userDefined": false
      },
      {
        "text": "van vleck",
        "meta": "@Chatroom",
        "alias": "chatroom",
        "userDefined": false
      }
    ],
    "isTemplate": false,
    "count": 0,
    "lang": "en",
    "updated": 0
  },
  {
    "id": "cf3f9f6e-283a-4ef3-a6ed-16c69c2487c5",
    "data": [
      {
        "text": "number of posts in ",
        "userDefined": false
      },
      {
        "text": "van vleck",
        "meta": "@Chatroom",
        "alias": "chatroom",
        "userDefined": false
      }
    ],
    "isTemplate": false,
    "count": 0,
    "lang": "en",
    "updated": 0
  },
  {
    "id": "42187633-40da-46be-818f-87d22f33e197",
    "data": [
      {
        "text": "num posts in ",
        "userDefined": false
      },
      {
        "text": "grainger",
        "meta": "@Chatroom",
        "alias": "chatroom",
        "userDefined": false
      }
    ],
    "isTemplate": false,
    "count": 0,
    "lang": "en",
    "updated": 0
  },
  {
    "id": "caddc57b-e21d-4a90-ac80-532629e909c5",
    "data": [
      {
        "text": "how many messages in ",
        "userDefined": false
      },
      {
        "text": "van vleck",
        "meta": "@Chatroom",
        "alias": "chatroom",
        "userDefined": false
      }
    ],
    "isTemplate": false,
    "count": 0,
    "lang": "en",
    "updated": 0
  },
  {
    "id": "407b8c24-ac13-444e-bd5f-84298161003b",
    "data": [
      {
        "text": "how many posts in ",
        "userDefined": false
      },
      {
        "text": "grainger",
        "meta": "@Chatroom",
        "alias": "chatroom",
        "userDefined": false
      }
    ],
    "isTemplate": false,
    "count": 0,
    "lang": "en",
    "updated": 0
  },
  {
    "id": "76f5215e-ca39-4b86-92af-0baccd494fb4",
    "data": [
      {
        "text": "how many posts",
        "userDefined": false
      }
    ],
    "isTemplate": false,
    "count": 0,
    "lang": "en",
    "updated": 0
  },
  {
    "id": "5f60b948-b11a-43e3-aadc-71376395243b",
    "data": [
      {
        "text": "how posts are there in ",
        "userDefined": false
      },
      {
        "text": "Vilas",
        "meta": "@Chatroom",
        "alias": "chatroom",
        "userDefined": true
      }
    ],
    "isTemplate": false,
    "count": 0,
    "lang": "en",
    "updated": 0
  },
  {
    "id": "bf0d9292-f5f3-45fe-99fc-cceb497f3d12",
    "data": [
      {
        "text": "how posts are there in ",
        "userDefined": false
      },
      {
        "text": "Brogden",
        "meta": "@Chatroom",
        "alias": "chatroom",
        "userDefined": true
      }
    ],
    "isTemplate": false,
    "count": 0,
    "lang": "en",
    "updated": 0
  },
  {
    "id": "84f69350-0c9e-4ce1-a70b-60cbdb80e16f",
    "data": [
      {
        "text": "how many posts are there",
        "userDefined": false
      }
    ],
    "isTemplate": false,
    "count": 0,
    "lang": "en",
    "updated": 0
  }
]