[
  {
    "id": "6bd8c714-57a9-43ee-badc-9499f53ae513",
    "data": [
      {
        "text": "who is registered on this app",
        "userDefined": false
      }
    ],
    "isTemplate": false,
    "count": 0,
    "lang": "en",
    "updated": 0
  },
  {
    "id": "d4cfd5bb-89f8-4cca-812d-adc34f3160d7",
    "data": [
      {
        "text": "how many people are registered on this app",
        "userDefined": false
      }
    ],
    "isTemplate": false,
    "count": 0,
    "lang": "en",
    "updated": 0
  },
  {
    "id": "bec111bc-7ac8-40ba-a06d-4cc2136c0f9c",
    "data": [
      {
        "text": "who uses this app",
        "userDefined": false
      }
    ],
    "isTemplate": false,
    "count": 0,
    "lang": "en",
    "updated": 0
  },
  {
    "id": "a1530ad7-099a-41fb-a99d-45ba813c9983",
    "data": [
      {
        "text": "how many users are on this app",
        "userDefined": false
      }
    ],
    "isTemplate": false,
    "count": 0,
    "lang": "en",
    "updated": 0
  },
  {
    "id": "8e2f6d82-2d67-41c3-94ac-d7e11cea6cb3",
    "data": [
      {
        "text": "how many people use this app",
        "userDefined": false
      }
    ],
    "isTemplate": false,
    "count": 0,
    "lang": "en",
    "updated": 0
  },
  {
    "id": "6ea35b22-3ae9-45a2-9562-1df7d42923a3",
    "data": [
      {
        "text": "How many users are there",
        "userDefined": false
      }
    ],
    "isTemplate": false,
    "count": 0,
    "lang": "en",
    "updated": 0
  }
]