[
  {
    "value": "Bascom",
    "synonyms": [
      "bascom"
    ]
  },
  {
    "value": "Brogden",
    "synonyms": [
      "brogden"
    ]
  },
  {
    "value": "Chamberlain",
    "synonyms": [
      "chamberlain"
    ]
  },
  {
    "value": "Grainger",
    "synonyms": [
      "grainger"
    ]
  },
  {
    "value": "Ingraham",
    "synonyms": [
      "ingraham"
    ]
  },
  {
    "value": "VanVleck",
    "synonyms": [
      "van vleck"
    ]
  },
  {
    "value": "Vilas",
    "synonyms": [
      "vilas"
    ]
  }
]